{
  "classification": {
    "roc_auc": 0.7738954818363154,
    "f1": 0.8104731063104956,
    "precision": 0.7573480589022757,
    "recall": 0.8716134290393501
  },
  "regression": {
    "rmse": 0.7955226669835028,
    "mae": 0.6176385697702559
  },
  "recommendation": {
    "precision_at_k": 0.0009307135470527404,
    "recall_at_k": 0.00010774300556858299
  }
}